aaliyah, aaron, abby, abigail, abraham, ada, adam, addison, adeline, adrian, adriana, adrianna, aidan, aiden, alan, alana, alayna, albert, alejandro, alex, alexa, alexander, alexandra, alexandria, alexis, ali, alice, alicia, alina, alison, allison, alma, alondra, alyssa, amanda, amber, amelia, amir, amiyah, amy, ana, anastasia, andre, andrea, andres, andrew, angel, angela, angelica, angelina, angelo, ann, anna, annabelle, anna, anne, anthon, anthony, antonio, ari, ariana, arianna, ariel, armando, arthur, asher, ashley, aubree, aubrey, audrey, august, augustus, austin, autumn, ava, avery, axel, ayden, bailey, barbara, beckett, bella, benjamin, benjamin, bentley, bertha, bethany, betty, blake, blake, bonnie, bradley, brady, brandon, brantley, braxton, brayden, breanna, brendon, brian, brianna, brielle, bristol, brody, brooke, brooklyn, brooks, bryan, bryce, brycen, brynlee, caleb, calvin, camden, cameron, camila, carlos, caroline, carter, casey, cassandra, cassidy, cate, catherine, cecilia, celeste, chad, chandler, charles, charlotte, chase, chelsea, chloe, chris, christian, christina, christopher, claire, clara, clarence, clark, clayton, cody, cole, colin, colton, connor, cooper, courtney, cristian, crystal, cynthia, daisy, dakota, dale, dallas, dalton, damian, damien, damon, dan, dana, dane, daniela, danielle, danny, dante, darius, darrin, darwin, dave, david, davis, dean, deborah, declan, delaney, dennis, derek, derrick, destiny, devin, diana, diane, diego, dominic, dominick, donald, donovan, doris, dorothy, douglas, drake, drew, dylan, eden, edgar, edison, edith, eduardo, edward, edwin, eleanor, elena, eli, elias, elijah, elinor, elisa, elizabeth, ella, ellie, elliot, elliott, elsa, emery, emma, emmanuel, emmett, emory, eric, erica, erick, erik, erin, estelle, esther, ethan, eugene, eva, evan, evangeline, evelyn, everett, ezekiel, ezra, faith, felix, fernando, finley, finn, finnegan, finnley, flora, florence, francis, frank, frankie, freddie, gabriel, gabriela, gabriella, gabrielle, gaia, gaines, gavin, genevieve, george, georgia, gerald, geraldine, gertrude, gia, giana, giovanni, giselle, grace, gracie, graham, grant, grayson, gregory, guillermo, gwen, gwendolyn, hadley, hailey, haley, hannah, harley, harper, harrison, harry, haven, hayden, haylee, hazel, heidi, helen, henry, holly, hope, houston, hudson, hunter, ian, ibrahim, ignacio, imani, india, ingrid, irene, irma, isaac, isabel, isabella, isabelle, isla, ivan, ivy, izabella, jack, jackie, jackson, jacob, jacqueline, jade, jaden, jadyn, jagger, jaime, jake, jakob, james, jameson, jamie, jana, jane, janelle, janie, jared, jase, jasmine, jason, jasper, javier, jax, jaxon, jaxson, jay, jayce, jaycee, jayden, jayla, jaylee, jaylin, jazlyn, jazmin, jean, jeanne, jedidiah, jefferson, jeffery, jenna, jennifer, jenny, jeremiah, jeremy, jerome, jerry, jesse, jessica, jesus, jewel, jill, jimmy, joan, joann, joanna, joaquin, jocelyn, jodie, joe, joel, johan, johanna, john, johnathan, johnnie, johnny, jon, jonah, jonathan, jordan, jordyn, jose, joseph, josephine, josh, joshua, josiah, josie, joy, juan, judith, judy, julia, julian, juliana, julianna, julie, juliet, julius, june, junior, justin, kaden, kai, kailey, kaitlyn, kaiya, kamryn, kane, karen, karina, karla, karlee, karlie, kate, katelyn, katherine, kathleen, kathryn, katie, katrina, kay, kayden, kaydence, kayla, kaylee, keira, keith, kelsey, kendall, kennedy, kenneth, kenny, kent, kerry, kevin, khloe, kim, kimberly, kingston, kinsley, kira, kyle, kylie, kyrie, lacey, laila, landon, lane, laura, lauren, layla, leah, leila, leland, leo, leon, leonard, leonardo, levi, lewis, lia, liam, liana, lila, lilia, liliana, lilith, lillian, lilliana, lilly, lily, lincoln, linda, lindsay, lindsey, lionel, lisa, liv, lola, london, londyn, lorenzo, louis, louise, lucas, lucia, luciana, lucille, lucy, luca, luke, luna, lydia, lyric, mackenzie, maddox, madeleine, madeline, madelyn, madison, mae, maggie, magnus, maisie, malachi, malcolm, male, mandy, manuel, marcus, margaret, maria, mariah, marian, mariana, marie, mario, marissa, mark, marley, marshall, martin, mary, mason, matteo, matthew, maverick, max, maxwell, maya, mckenzie, mckinley, meghan, melanie, melissa, melody, meredith, mia, micah, michael, michelle, miguel, mikayla, mike, mila, milan, mildred, miles, milla, milo, milton, mimi, mina, mitchell, molly, monica, monroe, morgan, moses, mya, myla, myles, myra, nancy, naomi, nash, natalia, natalie, nathan, nathaniel, neil, nelson, nevaeh, nicholas, nicolas, nicole, nina, noah, noel, noelle, nolan, norma, nova, nyla, oscar, owen, paige, paisley, paloma, pamela, paris, parker, patricia, patrick, paul, paula, paxton, payton, penelope, peyton, philip, phillip, piper, presley, preston, prince, princess, quentin, quincy, quinn, quintin, quintin, quinton, quinton, quinton, quinton, quinton, rachel,rafael, ralph, ramiro, ramon, randall, randy, raquel, raul, raven, ray, rayan, raymond, reagan, rebecca, reed, regina, reid, remington, renee, rey, reyes, rhett, rhys, ricardo, richard, rick, riley, river, robert, roberto, robin, rocco, rockwell, roger, rohan, roland, roman, romeo, ronan, ronin, rory, rosa, rose, rosie, ross, rowan, roy, royce, ruby, russell, ruth, ryan, ryder, ryker, rylan, ryland, sabrina, sadie, saige, sally, sam, samantha, samuel, sandra, santiago, sara, sarah, sasha, savannah, sawyer, scarlett, sean, sebastian, selena, serena, seth, shane, shannon, shawn, shelby, sheldon, shiloh, shirley, sienna, sierra, silas, simon, skylar, sloane, sonia, sophia, sophie, spencer, stacey, stella, stephanie, stephen, sterling, steve, steven, summer, sutton, sydney, sylvia, talia, tanner, tara, taryn, tate, taylor, teagan, tessa, thaddeus, theo, theodore, theresa, thomas, tiffany, timothy, titus, toby, tom, trent, trevor, tristan, tucker, ty, tyler, valentina, valerie, vanessa, vera, vernon, veronica, victor, victoria, vincent, viola, violet, virginia, vivian, wade, walter, warren, waylon, wayne, wesley, weston, whitney, wilbur, wilder, willa, william, willow, wilson, winifred, winston, wyatt, xander, xavier, ximena, xiomara, yahir, yara, yaretzi, yasmin, yazmin, yosef, yusuf, yvette, yvonne, zac, zachariah, zachary, zachery, zack, zaiden, zain, zander, zane, zara, zariah, zayden, zayn, zeke, zion, zoe, zoey, zuri